산,2023년 단풍시작일,2023년 단풍절정일,2022년 단풍시작일,2022년 단풍절정일,2021년 단풍시작일,2021년 단풍절정일,2020년 단풍시작일,2020년 단풍절정일,2019년 단풍시작일,2019년 단풍절정일,2018년 단풍시작일,2018년 단풍절정일,2017년 단풍시작일,2017년 단풍절정일,2016년 단풍시작일,2016년 단풍절정일,2015년 단풍시작일,2015년 단풍절정일,2014년 단풍시작일,2014년 단풍절정일
설악산,2023-09-30,2023-10-23,2022-09-29,2022-10-21,2021-09-30,2021-10-26,2020-09-28,2020-10-16,2019-09-27,2019-10-16,2018-09-27,2018-10-12,2017-09-22,2017-10-17,2016-09-26,2016-10-19,2015-09-23,2015-10-15,2014-09-26,2014-10-17
오대산,2023-10-06,2023-10-20,2022-10-05,2022-10-17,2021-10-05,2021-10-19,2020-10-06,2020-10-14,2019-10-01,2019-10-10,2018-10-01,2018-10-08,2017-09-25,2017-10-12,2016-09-29,2016-10-17,2015-09-30,2015-10-12,2014-10-01,2014-10-19
북한산,2023-10-17,2023-10-27,2022-10-18,2022-10-28,2021-10-20,2021-11-01,2020-10-16,2020-10-30,2019-10-11,2019-11-01,2018-10-12,2018-10-29,2017-10-14,2017-10-30,2016-10-17,2016-10-27,2015-10-14,2015-10-28,2014-10-13,2014-10-28
치악산,2023-10-10,2023-10-24,2022-10-07,2022-10-24,2021-10-08,2021-10-29,2020-10-08,2020-10-20,2019-10-07,2019-10-17,2018-10-04,2018-10-22,2017-09-30,2017-10-20,2016-10-04,2016-10-21,2015-10-06,2015-10-19,2014-10-02,2014-10-24
월악산,2023-10-19,2023-10-31,2022-10-13,2022-10-25,2021-10-16,2021-10-29,2020-10-13,2020-10-20,2019-10-18,2019-10-25,2018-10-08,2018-10-22,2017-10-10,2017-10-25,2016-10-11,2016-10-26,2015-10-08,2015-10-23,2014-10-10,2014-10-23
속리산,2023-10-19,2023-10-31,2022-10-17,2022-10-27,2021-10-21,2021-10-31,2020-10-15,2020-10-23,2019-10-18,2019-10-25,2018-10-15,2018-10-30,2017-10-15,2017-10-30,2016-10-16,2016-10-26,2015-10-17,2015-10-29,2014-10-10,2014-10-24
계룡산,2023-10-16,2023-10-31,2022-10-18,2022-10-31,2021-10-25,2021-11-07,2020-10-15,2020-10-26,2019-10-17,2019-10-28,2018-10-11,2018-10-25,2017-10-13,2017-10-27,2016-10-14,2016-10-31,2015-10-13,2015-10-26,2014-10-13,2014-10-24
팔공산,2023-10-18,2023-10-30,2022-10-19,2022-11-01,2021-10-22,2021-11-04,2020-10-15,2020-10-27,2019-10-21,2019-11-01,2018-10-15,2018-10-25,2017-10-16,2017-10-27,2016-10-18,2016-10-27,2015-10-13,2015-10-28,2014-10-14,2014-10-29
가야산,2023-10-18,2023-10-26,2022-10-18,2022-10-28,2021-10-19,2021-10-30,2020-10-20,2020-10-27,2019-10-21,2019-10-29,2018-10-14,2018-10-27,2017-10-15,2017-10-29,2016-10-13,2016-10-31,2015-10-14,2015-10-30,2014-10-14,2014-10-28
내장산,2023-10-27,2023-10-30,2022-10-25,2022-10-31,2021-11-04,2021-11-03,2020-10-19,2020-11-02,2019-10-24,2019-11-08,2018-10-17,2018-10-29,2017-10-16,2017-10-30,2016-10-20,2016-11-04,2015-10-19,2015-11-06,2014-10-22,2014-11-14
지리산,2023-10-16,2023-10-23,2022-10-18,2022-10-24,2021-10-26,2021-11-01,2020-10-13,2020-10-24,2019-10-24,2019-10-31,2018-10-12,2018-10-24,2017-10-18,2017-10-27,2016-10-19,2016-10-26,2015-10-08,2015-10-22,2014-10-08,2014-10-19
무등산,2023-10-18,2023-10-29,2022-10-24,2022-11-03,2021-10-29,2021-11-05,2020-10-20,2020-11-04,2019-10-21,2019-11-06,2018-10-18,2018-10-30,2017-10-20,2017-11-02,2016-10-14,2016-11-01,2015-10-19,2015-11-06,2014-10-18,2014-11-03
두륜산,2023-10-26,2023-11-11,2022-10-25,2022-11-03,2021-11-03,2021-11-14,2020-10-23,2020-11-06,2019-10-22,2019-11-11,2018-10-29,2018-11-11,2017-10-30,2017-11-13,2016-10-29,2016-11-11,2015-10-31,2015-11-12,2014-10-30,2014-11-12
한라산,2023-10-10,2023-10-26,2022-10-18,2022-10-24,2021-10-26,2021-11-02,2020-10-12,2020-10-26,2019-10-10,2019-10-28,2018-10-10,2018-10-29,2017-10-11,2017-10-25,2016-10-12,2016-10-29,2015-10-07,2015-10-22,2014-10-14,2014-10-24
